<?xml version="1.0" encoding="UTF-8"?>
<beans xmlns="http://www.springframework.org/schema/beans"
xmlns:xsi="http://www.w3.org/2001/XMLSchema-instance"
xmlns:hdp="http://www.springframework.org/schema/hadoop"
xmlns:context="http://www.springframework.org/schema/context"
xsi:schemaLocation="http://www.springframework.org/schema/beans
http://www.springframework.org/schema/beans/spring-beans-3.0.xsd
http://www.springframework.org/schema/context
http://www.springframework.org/schema/context/spring-context-3.0.xsd
http://www.springframework.org/schema/hadoop 
http://www.springframework.org/schema/hadoop/spring-hadoop.xsd">

	<context:property-placeholder location="classpath:jdbc.properties,classpath:hadoop.properties"/>
    <context:component-scan base-package="org.ape.data.core.storage"/>
    <context:component-scan base-package="org.ape.data.core.io"/>
  	<bean id="mysqlDataSource" class="org.springframework.jdbc.datasource.DriverManagerDataSource">  
    	<property name="driverClassName" value="${jdbc.driver}"></property>  
    	<property name="url" value="${jdbc.url}"></property>  
    	<property name="username" value="${jdbc.username}"></property>  
    	<property name="password" value="${jdbc.password}"></property>  
  	</bean>  
  	
  	<bean id="transactionManager"  class="org.springframework.jdbc.datasource.DataSourceTransactionManager">
		<property name="dataSource" ref="mysqlDataSource" />
	</bean>
	
	<bean id="jdbcTemplate" class="org.springframework.jdbc.core.JdbcTemplate">
	   <property name="dataSource" ref="mysqlDataSource" />
	</bean>
	
	<bean id="fileSystemFactoryBean" class="org.springframework.data.hadoop.fs.FileSystemFactoryBean">
	   <property name="configuration" ref="hadoopConfiguration"/>
	</bean>
	
 	<hdp:configuration id="hadoopConfiguration">
	  fs.default.name=hdfs://42.121.108.236:9000
	  mapred.job.tracker=42.121.108.236:9001
	</hdp:configuration>
  	

</beans>
